use puppy_playtime_main;
delete from playdate_member;
delete from playdate;
delete from role;
delete from pack_member;
delete from pack;
INSERT INTO pack VALUES (1,'admin','admin','admin','admin street','00000000000','admin@admin.com','admin');
INSERT INTO pack VALUES (2,'user','Michael','Choinoski','1234 Willow Street','14142912312','michon@gmail','user');
INSERT INTO pack VALUES (3,'Awesome Pack!','Andrew','Cutler','12 Ganderson Court','16081234567','random@yahoo.com','RedBike21');
INSERT INTO pack VALUES (4,'Number 4',' ',' ',' ',' ',' ','password');
INSERT INTO pack VALUES (5,'random_pack',' ',' ',' ',' ',' ','randompassword');
INSERT INTO pack VALUES (6,'dog','Dawg','Boarder','30 Dog Territory Ave.','12622429123','Ilovedogs100@yahoo.com','dog');
INSERT INTO pack_member VALUES (1,2,'Odo', 15, 'Mixed','M','2016-07-14',1,"test_odo.jpg",CURRENT_TIMESTAMP(),CURRENT_TIMESTAMP());
INSERT INTO pack_member VALUES (2,1,'Boomer', 68, 'Black Lab','M','2012-08-19',0,"test_black_lab.jpg",CURRENT_TIMESTAMP(),CURRENT_TIMESTAMP());
INSERT INTO pack_member VALUES (3,1,'Pow', 175, 'Great Dane','M','2014-03-25',0,"test_great_dane.jpg",CURRENT_TIMESTAMP(),CURRENT_TIMESTAMP());
INSERT INTO pack_member VALUES (4,3,'Happy', 9, 'Yorkie','M','2009-12-18',0,"test_yorkie.jpg",CURRENT_TIMESTAMP(),CURRENT_TIMESTAMP());
INSERT INTO pack_member VALUES (5,4,'Lucy', 7, 'Alaskan Eskimo Dog','F','2018-01-15',1,"test_alaskan_eskimo.jpg",CURRENT_TIMESTAMP(),CURRENT_TIMESTAMP());
INSERT INTO pack_member VALUES (6,5,'Missy', 11, 'Shih Tzu','F','2010-05-08',0,null,CURRENT_TIMESTAMP(),CURRENT_TIMESTAMP());
INSERT INTO pack_member VALUES (7,6,'Tiny', 5, 'Chihuahua','F','2005-02-25',1,null,CURRENT_TIMESTAMP(),CURRENT_TIMESTAMP());
INSERT INTO pack_member VALUES (8,6,'Grumpy', 120, 'Rottweiler','M','2011-07-17',0,null,CURRENT_TIMESTAMP(),CURRENT_TIMESTAMP());
INSERT INTO pack_member VALUES (9,6,'Seymour', 25, 'New Guinea Singing Dog ','M','1988-07-17',0,null,CURRENT_TIMESTAMP(),CURRENT_TIMESTAMP());
INSERT INTO role VALUES (1,CURRENT_TIMESTAMP(),'admin',CURRENT_TIMESTAMP(),'admin',1);
INSERT INTO role VALUES (2,CURRENT_TIMESTAMP(),'user',CURRENT_TIMESTAMP(),'user',2);
INSERT INTO role VALUES (3,CURRENT_TIMESTAMP(),'user',CURRENT_TIMESTAMP(),'Awesome Pack!',3);
INSERT INTO role VALUES (4,CURRENT_TIMESTAMP(),'user',CURRENT_TIMESTAMP(),'Number 4',4);
INSERT INTO role VALUES (5,CURRENT_TIMESTAMP(),'user',CURRENT_TIMESTAMP(),'random_pack',5);
INSERT INTO role VALUES (6,CURRENT_TIMESTAMP(),'user',CURRENT_TIMESTAMP(),'dog',6);
INSERT INTO puppy_playtime_main.playdate (playdate_nr, organizing_pack_nr, playdate_location, date, time, status, private_fl, create_date, last_modified_date) VALUES (1, 3, 'Barky Park', '2018-05-06', '15:40:06', 'Pending', 1, '2018-05-06 15:40:06', '2018-05-06 15:40:06');
INSERT INTO puppy_playtime_main.playdate (playdate_nr, organizing_pack_nr, playdate_location, date, time, status, private_fl, create_date, last_modified_date) VALUES (2, 4, 'Wooded Marsh', '2018-05-06', '15:40:06', 'Pending', 0, '2018-05-06 15:40:06', '2018-05-06 15:40:06');
INSERT INTO puppy_playtime_main.playdate (playdate_nr, organizing_pack_nr, playdate_location, date, time, status, private_fl, create_date, last_modified_date) VALUES (23, 2, 'random', '0005-04-05', '05:55:00', 'pending', 1, '2018-05-06 15:40:36', '2018-05-06 15:40:36');
INSERT INTO puppy_playtime_main.playdate (playdate_nr, organizing_pack_nr, playdate_location, date, time, status, private_fl, create_date, last_modified_date) VALUES (24, 2, 'Barky Park', '2018-04-30', '16:45:00', 'pending', 1, '2018-05-06 15:44:07', '2018-05-06 15:44:07');
INSERT INTO puppy_playtime_main.playdate (playdate_nr, organizing_pack_nr, playdate_location, date, time, status, private_fl, create_date, last_modified_date) VALUES (25, 2, 'tomorrow', '2018-05-13', '04:46:00', 'pending', 1, '2018-05-06 15:45:55', '2018-05-06 15:45:55');
INSERT INTO puppy_playtime_main.playdate (playdate_nr, organizing_pack_nr, playdate_location, date, time, status, private_fl, create_date, last_modified_date) VALUES (26, 2, 'Lagoon Ave', '2018-05-30', '16:47:00', 'pending', 1, '2018-05-06 15:46:42', '2018-05-06 15:46:42');
INSERT INTO puppy_playtime_main.playdate_member (playdate_member_nr, playdate_nr, pack_member_nr, status, create_date, last_modified_date) VALUES (1, 1, 2, 'Pending', '2018-05-06 15:40:06', '2018-05-06 15:40:06');
INSERT INTO puppy_playtime_main.playdate_member (playdate_member_nr, playdate_nr, pack_member_nr, status, create_date, last_modified_date) VALUES (2, 1, 4, 'Pending', '2018-05-06 15:40:06', '2018-05-06 15:40:06');
INSERT INTO puppy_playtime_main.playdate_member (playdate_member_nr, playdate_nr, pack_member_nr, status, create_date, last_modified_date) VALUES (84, 23, 1, 'Pending', '2018-05-06 15:40:37', '2018-05-06 15:40:37');
INSERT INTO puppy_playtime_main.playdate_member (playdate_member_nr, playdate_nr, pack_member_nr, status, create_date, last_modified_date) VALUES (85, 23, 2, 'Pending', '2018-05-06 15:40:37', '2018-05-06 15:40:37');
INSERT INTO puppy_playtime_main.playdate_member (playdate_member_nr, playdate_nr, pack_member_nr, status, create_date, last_modified_date) VALUES (86, 23, 3, 'Pending', '2018-05-06 15:40:38', '2018-05-06 15:40:38');
INSERT INTO puppy_playtime_main.playdate_member (playdate_member_nr, playdate_nr, pack_member_nr, status, create_date, last_modified_date) VALUES (87, 23, 8, 'Pending', '2018-05-06 15:40:39', '2018-05-06 15:40:39');
INSERT INTO puppy_playtime_main.playdate_member (playdate_member_nr, playdate_nr, pack_member_nr, status, create_date, last_modified_date) VALUES (88, 23, 9, 'Pending', '2018-05-06 15:40:40', '2018-05-06 15:40:40');
INSERT INTO puppy_playtime_main.playdate_member (playdate_member_nr, playdate_nr, pack_member_nr, status, create_date, last_modified_date) VALUES (89, 24, 1, 'Pending', '2018-05-06 15:44:07', '2018-05-06 15:44:07');
INSERT INTO puppy_playtime_main.playdate_member (playdate_member_nr, playdate_nr, pack_member_nr, status, create_date, last_modified_date) VALUES (90, 24, 2, 'Pending', '2018-05-06 15:44:08', '2018-05-06 15:44:08');
INSERT INTO puppy_playtime_main.playdate_member (playdate_member_nr, playdate_nr, pack_member_nr, status, create_date, last_modified_date) VALUES (91, 24, 5, 'Pending', '2018-05-06 15:44:08', '2018-05-06 15:44:08');
INSERT INTO puppy_playtime_main.playdate_member (playdate_member_nr, playdate_nr, pack_member_nr, status, create_date, last_modified_date) VALUES (92, 24, 8, 'Pending', '2018-05-06 15:44:08', '2018-05-06 15:44:08');
INSERT INTO puppy_playtime_main.playdate_member (playdate_member_nr, playdate_nr, pack_member_nr, status, create_date, last_modified_date) VALUES (93, 25, 1, 'Pending', '2018-05-06 15:45:55', '2018-05-06 15:45:55');
INSERT INTO puppy_playtime_main.playdate_member (playdate_member_nr, playdate_nr, pack_member_nr, status, create_date, last_modified_date) VALUES (94, 25, 2, 'Pending', '2018-05-06 15:45:56', '2018-05-06 15:45:56');
INSERT INTO puppy_playtime_main.playdate_member (playdate_member_nr, playdate_nr, pack_member_nr, status, create_date, last_modified_date) VALUES (95, 25, 5, 'Pending', '2018-05-06 15:45:56', '2018-05-06 15:45:56');
INSERT INTO puppy_playtime_main.playdate_member (playdate_member_nr, playdate_nr, pack_member_nr, status, create_date, last_modified_date) VALUES (96, 25, 6, 'Pending', '2018-05-06 15:45:56', '2018-05-06 15:45:56');
INSERT INTO puppy_playtime_main.playdate_member (playdate_member_nr, playdate_nr, pack_member_nr, status, create_date, last_modified_date) VALUES (97, 26, 1, 'Pending', '2018-05-06 15:46:42', '2018-05-06 15:46:42');
INSERT INTO puppy_playtime_main.playdate_member (playdate_member_nr, playdate_nr, pack_member_nr, status, create_date, last_modified_date) VALUES (98, 26, 2, 'Pending', '2018-05-06 15:46:42', '2018-05-06 15:46:42');
INSERT INTO puppy_playtime_main.playdate_member (playdate_member_nr, playdate_nr, pack_member_nr, status, create_date, last_modified_date) VALUES (99, 26, 3, 'Pending', '2018-05-06 15:46:42', '2018-05-06 15:46:42');
INSERT INTO puppy_playtime_main.playdate_member (playdate_member_nr, playdate_nr, pack_member_nr, status, create_date, last_modified_date) VALUES (100, 26, 4, 'Pending', '2018-05-06 15:46:42', '2018-05-06 15:46:42');
INSERT INTO puppy_playtime_main.playdate_member (playdate_member_nr, playdate_nr, pack_member_nr, status, create_date, last_modified_date) VALUES (101, 26, 5, 'Pending', '2018-05-06 15:46:43', '2018-05-06 15:46:43');